EmployeeNumber,risk_score,estimated_years_to_departure,risk_tier,urgency
1,0.6242845,31.0,High,Longer-horizon or stable
2,0.03233293,,Low,Longer-horizon or stable
4,0.8599372,31.0,High,Longer-horizon or stable
5,0.15737723,,Low,Longer-horizon or stable
7,0.26531976,,Low,Longer-horizon or stable
8,0.06652803,,Low,Longer-horizon or stable
10,0.12304541,,Low,Longer-horizon or stable
11,0.15196054,,Low,Longer-horizon or stable
12,0.14346622,,Low,Longer-horizon or stable
13,0.10518789,,Low,Longer-horizon or stable
14,0.017648118,,Low,Longer-horizon or stable
15,0.140723,,Low,Longer-horizon or stable
16,0.10489513,,Low,Longer-horizon or stable
18,0.061164927,,Low,Longer-horizon or stable
19,0.9616646,9.0,High,Longer-horizon or stable
20,0.06766016,,Low,Longer-horizon or stable
21,0.020062821,,Low,Longer-horizon or stable
22,0.28872147,7.0,Low,Longer-horizon or stable
23,0.05990926,,Low,Longer-horizon or stable
24,0.06827472,32.0,Low,Longer-horizon or stable
26,0.005811462,,Low,Longer-horizon or stable
27,0.53034455,32.0,Medium,Longer-horizon or stable
28,0.05846459,,Low,Longer-horizon or stable
30,0.0664695,5.0,Low,Longer-horizon or stable
31,0.22192155,,Low,Longer-horizon or stable
32,0.011467191,,Low,Longer-horizon or stable
33,0.7250828,23.0,High,Longer-horizon or stable
35,0.10097078,,Low,Longer-horizon or stable
36,0.031336535,,Low,Longer-horizon or stable
38,0.050076593,,Low,Longer-horizon or stable
39,0.103510216,,Low,Longer-horizon or stable
40,0.01037032,,Low,Longer-horizon or stable
41,0.11912129,,Low,Longer-horizon or stable
42,0.037798986,,Low,Longer-horizon or stable
45,0.53151643,18.0,Medium,Longer-horizon or stable
46,0.003306078,,Low,Longer-horizon or stable
47,0.7415153,,High,Longer-horizon or stable
49,0.1127638,32.0,Low,Longer-horizon or stable
51,0.21558563,,Low,Longer-horizon or stable
52,0.06086173,,Low,Longer-horizon or stable
53,0.076163135,23.0,Low,Longer-horizon or stable
54,0.021991419,23.0,Low,Longer-horizon or stable
55,0.97385037,6.0,High,Longer-horizon or stable
56,0.2588332,,Low,Longer-horizon or stable
57,0.022736693,,Low,Longer-horizon or stable
58,0.49565208,,Medium,Longer-horizon or stable
60,0.24285455,,Low,Longer-horizon or stable
61,0.26556623,,Low,Longer-horizon or stable
62,0.2975721,32.0,Low,Longer-horizon or stable
63,0.055112984,32.0,Low,Longer-horizon or stable
64,0.6293285,31.0,High,Longer-horizon or stable
65,0.8832269,10.0,High,Longer-horizon or stable
68,0.1899714,,Low,Longer-horizon or stable
70,0.06859156,,Low,Longer-horizon or stable
72,0.6975942,,High,Longer-horizon or stable
73,0.29393858,,Low,Longer-horizon or stable
74,0.21210174,,Low,Longer-horizon or stable
75,0.3400076,,Medium,Longer-horizon or stable
76,0.01578925,,Low,Longer-horizon or stable
77,0.015226791,,Low,Longer-horizon or stable
78,0.06467679,,Low,Longer-horizon or stable
79,0.06285225,,Low,Longer-horizon or stable
80,0.14025313,,Low,Longer-horizon or stable
81,0.41016686,32.0,Medium,Longer-horizon or stable
83,0.015522516,,Low,Longer-horizon or stable
84,0.004648606,,Low,Longer-horizon or stable
85,0.1934555,,Low,Longer-horizon or stable
86,0.01929252,,Low,Longer-horizon or stable
88,0.106357746,,Low,Longer-horizon or stable
90,0.708198,,High,Longer-horizon or stable
91,0.22120242,,Low,Longer-horizon or stable
94,0.0063805194,,Low,Longer-horizon or stable
95,0.32185975,31.0,Medium,Longer-horizon or stable
96,0.012910473,,Low,Longer-horizon or stable
97,0.028884554,,Low,Longer-horizon or stable
98,0.0071094963,,Low,Longer-horizon or stable
100,0.1576154,,Low,Longer-horizon or stable
101,0.051719666,,Low,Longer-horizon or stable
102,0.05290507,,Low,Longer-horizon or stable
103,0.0746162,,Low,Longer-horizon or stable
104,0.10132997,,Low,Longer-horizon or stable
105,0.10561374,,Low,Longer-horizon or stable
106,0.028891956,,Low,Longer-horizon or stable
107,0.007909648,,Low,Longer-horizon or stable
110,0.049287014,,Low,Longer-horizon or stable
112,0.06695751,,Low,Longer-horizon or stable
113,0.27127346,,Low,Longer-horizon or stable
116,0.03388033,,Low,Longer-horizon or stable
117,0.017313631,,Low,Longer-horizon or stable
118,0.18973406,,Low,Longer-horizon or stable
119,0.052364856,,Low,Longer-horizon or stable
120,0.3945855,,Medium,Longer-horizon or stable
121,0.07765129,,Low,Longer-horizon or stable
124,0.16526568,,Low,Longer-horizon or stable
125,0.62806,,High,Longer-horizon or stable
126,0.034698382,,Low,Longer-horizon or stable
128,0.059349228,,Low,Longer-horizon or stable
129,0.042495877,,Low,Longer-horizon or stable
131,0.29340357,,Low,Longer-horizon or stable
132,0.10279323,,Low,Longer-horizon or stable
133,0.5296021,24.0,Medium,Longer-horizon or stable
134,0.11721626,,Low,Longer-horizon or stable
137,0.8445065,5.0,High,Longer-horizon or stable
138,0.014915588,,Low,Longer-horizon or stable
139,0.00247747,,Low,Longer-horizon or stable
140,0.00037860687,,Low,Longer-horizon or stable
141,0.08197761,,Low,Longer-horizon or stable
142,0.4963711,31.0,Medium,Longer-horizon or stable
143,0.018158522,,Low,Longer-horizon or stable
144,0.22426349,10.0,Low,Longer-horizon or stable
145,0.3196702,,Medium,Longer-horizon or stable
147,0.7525438,24.0,High,Longer-horizon or stable
148,0.009511276,,Low,Longer-horizon or stable
150,0.089437395,,Low,Longer-horizon or stable
151,0.014639196,,Low,Longer-horizon or stable
152,0.10779459,,Low,Longer-horizon or stable
153,0.052438203,,Low,Longer-horizon or stable
154,0.04662583,,Low,Longer-horizon or stable
155,0.13592793,,Low,Longer-horizon or stable
158,0.078850456,,Low,Longer-horizon or stable
159,0.25580388,,Low,Longer-horizon or stable
160,0.08525209,,Low,Longer-horizon or stable
161,0.62629586,,High,Longer-horizon or stable
162,0.17082511,,Low,Longer-horizon or stable
163,0.9115826,31.0,High,Longer-horizon or stable
164,0.18294655,,Low,Longer-horizon or stable
165,0.2335808,,Low,Longer-horizon or stable
167,0.9892179,1.0,High,Near-term
169,0.07854435,32.0,Low,Longer-horizon or stable
170,0.22723025,,Low,Longer-horizon or stable
171,0.041858345,,Low,Longer-horizon or stable
174,0.14896044,,Low,Longer-horizon or stable
175,0.6985068,,High,Longer-horizon or stable
176,0.08462556,,Low,Longer-horizon or stable
177,0.042068027,,Low,Longer-horizon or stable
178,0.042218782,,Low,Longer-horizon or stable
179,0.18969116,,Low,Longer-horizon or stable
182,0.043658778,,Low,Longer-horizon or stable
183,0.39012086,32.0,Medium,Longer-horizon or stable
184,0.14763473,,Low,Longer-horizon or stable
190,0.6964852,24.0,High,Longer-horizon or stable
192,0.10787051,,Low,Longer-horizon or stable
193,0.07138725,,Low,Longer-horizon or stable
194,0.117544636,,Low,Longer-horizon or stable
195,0.022849333,,Low,Longer-horizon or stable
197,0.037889358,,Low,Longer-horizon or stable
198,0.0543758,,Low,Longer-horizon or stable
199,0.046242572,,Low,Longer-horizon or stable
200,0.13950887,,Low,Longer-horizon or stable
201,0.49396986,2.0,Medium,Near-term
202,0.030502709,,Low,Longer-horizon or stable
204,0.05260183,,Low,Longer-horizon or stable
205,0.65231735,,High,Longer-horizon or stable
206,0.3858395,,Medium,Longer-horizon or stable
207,0.29653627,,Low,Longer-horizon or stable
208,0.007461827,,Low,Longer-horizon or stable
211,0.110919036,,Low,Longer-horizon or stable
214,0.18522201,,Low,Longer-horizon or stable
215,0.2533452,,Low,Longer-horizon or stable
216,0.12361694,,Low,Longer-horizon or stable
217,0.043701146,,Low,Longer-horizon or stable
218,0.10940776,,Low,Longer-horizon or stable
221,0.056288157,,Low,Longer-horizon or stable
223,0.06991347,,Low,Longer-horizon or stable
224,0.28638694,,Low,Longer-horizon or stable
226,0.031492542,,Low,Longer-horizon or stable
227,0.13212483,,Low,Longer-horizon or stable
228,0.18199834,,Low,Longer-horizon or stable
230,0.078365885,,Low,Longer-horizon or stable
231,0.19263916,,Low,Longer-horizon or stable
233,0.32437912,,Medium,Longer-horizon or stable
235,0.9223436,3.0,High,Longer-horizon or stable
238,0.4187435,31.0,Medium,Longer-horizon or stable
239,0.02038731,,Low,Longer-horizon or stable
240,0.15584905,,Low,Longer-horizon or stable
241,0.022480907,,Low,Longer-horizon or stable
242,0.050217487,,Low,Longer-horizon or stable
243,0.7917392,5.0,High,Longer-horizon or stable
244,0.07900119,,Low,Longer-horizon or stable
245,0.075556375,32.0,Low,Longer-horizon or stable
246,0.06612824,,Low,Longer-horizon or stable
247,0.06247749,,Low,Longer-horizon or stable
248,0.72207135,31.0,High,Longer-horizon or stable
249,0.17727295,,Low,Longer-horizon or stable
250,0.010061037,,Low,Longer-horizon or stable
252,0.002874949,,Low,Longer-horizon or stable
253,0.0055148336,,Low,Longer-horizon or stable
254,0.05083748,,Low,Longer-horizon or stable
256,0.086370535,,Low,Longer-horizon or stable
258,0.0042199576,,Low,Longer-horizon or stable
259,0.11113735,,Low,Longer-horizon or stable
260,0.049989007,,Low,Longer-horizon or stable
261,0.77740926,,High,Longer-horizon or stable
262,0.0020186845,,Low,Longer-horizon or stable
264,0.02326903,,Low,Longer-horizon or stable
267,0.16658822,,Low,Longer-horizon or stable
269,0.060441688,,Low,Longer-horizon or stable
270,0.0018347665,,Low,Longer-horizon or stable
271,0.022661483,,Low,Longer-horizon or stable
273,0.09834877,,Low,Longer-horizon or stable
274,0.27566293,,Low,Longer-horizon or stable
275,0.038257785,,Low,Longer-horizon or stable
277,0.049637645,,Low,Longer-horizon or stable
281,0.3393081,,Medium,Longer-horizon or stable
282,0.43181023,,Medium,Longer-horizon or stable
283,0.19386142,,Low,Longer-horizon or stable
284,0.25202206,10.0,Low,Longer-horizon or stable
286,0.18676625,,Low,Longer-horizon or stable
287,0.0055742767,,Low,Longer-horizon or stable
288,0.0071979235,,Low,Longer-horizon or stable
291,0.5842688,,Medium,Longer-horizon or stable
292,0.0882858,,Low,Longer-horizon or stable
293,0.14586401,,Low,Longer-horizon or stable
296,0.19074728,,Low,Longer-horizon or stable
297,0.387261,24.0,Medium,Longer-horizon or stable
298,0.04567249,,Low,Longer-horizon or stable
299,0.79472166,24.0,High,Longer-horizon or stable
300,0.36025608,,Medium,Longer-horizon or stable
302,0.03940851,,Low,Longer-horizon or stable
303,0.012665326,,Low,Longer-horizon or stable
304,0.09640051,,Low,Longer-horizon or stable
305,0.09490298,,Low,Longer-horizon or stable
306,0.062654406,,Low,Longer-horizon or stable
307,0.05953906,,Low,Longer-horizon or stable
308,0.015829122,,Low,Longer-horizon or stable
309,0.01137987,,Low,Longer-horizon or stable
311,0.23855156,,Low,Longer-horizon or stable
312,0.03426729,,Low,Longer-horizon or stable
314,0.21833955,,Low,Longer-horizon or stable
315,0.56505936,17.0,Medium,Longer-horizon or stable
316,0.21112478,,Low,Longer-horizon or stable
319,0.04768301,,Low,Longer-horizon or stable
321,0.2228039,32.0,Low,Longer-horizon or stable
323,0.0053155725,,Low,Longer-horizon or stable
325,0.8247494,31.0,High,Longer-horizon or stable
327,0.030689772,,Low,Longer-horizon or stable
328,0.56119204,31.0,Medium,Longer-horizon or stable
329,0.30156463,,Medium,Longer-horizon or stable
330,0.059542675,,Low,Longer-horizon or stable
331,0.73382527,31.0,High,Longer-horizon or stable
332,0.050162535,,Low,Longer-horizon or stable
333,0.16589013,,Low,Longer-horizon or stable
334,0.0833241,,Low,Longer-horizon or stable
335,0.13838065,,Low,Longer-horizon or stable
336,0.0038237134,,Low,Longer-horizon or stable
337,0.077066176,,Low,Longer-horizon or stable
338,0.028390298,,Low,Longer-horizon or stable
339,0.034676813,,Low,Longer-horizon or stable
340,0.04059416,,Low,Longer-horizon or stable
341,0.0604016,,Low,Longer-horizon or stable
342,0.18084344,,Low,Longer-horizon or stable
343,0.09772558,,Low,Longer-horizon or stable
346,0.10832381,,Low,Longer-horizon or stable
347,0.09060659,,Low,Longer-horizon or stable
349,0.025794573,,Low,Longer-horizon or stable
350,0.016158435,,Low,Longer-horizon or stable
351,0.061845507,,Low,Longer-horizon or stable
352,0.0063126567,,Low,Longer-horizon or stable
353,0.093745284,,Low,Longer-horizon or stable
355,0.5576289,,Medium,Longer-horizon or stable
359,0.18804953,,Low,Longer-horizon or stable
361,0.01093644,,Low,Longer-horizon or stable
362,0.23806524,31.0,Low,Longer-horizon or stable
363,0.17375043,,Low,Longer-horizon or stable
364,0.60283005,,High,Longer-horizon or stable
366,0.12166315,,Low,Longer-horizon or stable
367,0.040895175,,Low,Longer-horizon or stable
369,0.0030061377,,Low,Longer-horizon or stable
372,0.040891744,,Low,Longer-horizon or stable
373,0.015041435,,Low,Longer-horizon or stable
374,0.0767036,,Low,Longer-horizon or stable
376,0.25533396,,Low,Longer-horizon or stable
377,0.012020969,,Low,Longer-horizon or stable
378,0.011877843,,Low,Longer-horizon or stable
379,0.10972417,24.0,Low,Longer-horizon or stable
380,0.0035119571,,Low,Longer-horizon or stable
381,0.016746312,,Low,Longer-horizon or stable
382,0.06704306,,Low,Longer-horizon or stable
384,0.02075787,,Low,Longer-horizon or stable
385,0.016773155,,Low,Longer-horizon or stable
386,0.012542333,,Low,Longer-horizon or stable
387,0.08141594,,Low,Longer-horizon or stable
388,0.14858875,,Low,Longer-horizon or stable
389,0.14297675,,Low,Longer-horizon or stable
390,0.46503684,,Medium,Longer-horizon or stable
391,0.009979315,,Low,Longer-horizon or stable
392,0.6818097,,High,Longer-horizon or stable
393,0.0065454044,,Low,Longer-horizon or stable
394,0.71823686,10.0,High,Longer-horizon or stable
395,0.0031790987,,Low,Longer-horizon or stable
396,0.1552775,31.0,Low,Longer-horizon or stable
397,0.11889594,,Low,Longer-horizon or stable
399,0.11911504,,Low,Longer-horizon or stable
401,0.6016016,24.0,High,Longer-horizon or stable
403,0.1981085,,Low,Longer-horizon or stable
404,0.17326361,,Low,Longer-horizon or stable
405,0.7259581,2.0,High,Near-term
406,0.3730754,,Medium,Longer-horizon or stable
407,0.06884629,,Low,Longer-horizon or stable
408,0.012371019,,Low,Longer-horizon or stable
410,0.01266631,,Low,Longer-horizon or stable
411,0.66005135,3.0,High,Longer-horizon or stable
412,0.053514782,,Low,Longer-horizon or stable
416,0.11294883,,Low,Longer-horizon or stable
417,0.0047454005,,Low,Longer-horizon or stable
419,0.035849392,,Low,Longer-horizon or stable
420,0.052240357,,Low,Longer-horizon or stable
421,0.05304387,,Low,Longer-horizon or stable
422,0.010782726,,Low,Longer-horizon or stable
423,0.03424189,,Low,Longer-horizon or stable
424,0.2988756,,Low,Longer-horizon or stable
425,0.2183514,,Low,Longer-horizon or stable
426,0.16749075,,Low,Longer-horizon or stable
428,0.07697683,,Low,Longer-horizon or stable
429,0.08124694,,Low,Longer-horizon or stable
430,0.061844707,,Low,Longer-horizon or stable
431,0.05190938,,Low,Longer-horizon or stable
433,0.577778,,Medium,Longer-horizon or stable
434,0.5630872,24.0,Medium,Longer-horizon or stable
436,0.23280865,,Low,Longer-horizon or stable
437,0.2358971,32.0,Low,Longer-horizon or stable
438,0.014402066,,Low,Longer-horizon or stable
439,0.037000466,,Low,Longer-horizon or stable
440,0.8971568,23.0,High,Longer-horizon or stable
441,0.006136987,,Low,Longer-horizon or stable
442,0.2180703,,Low,Longer-horizon or stable
444,0.03799773,,Low,Longer-horizon or stable
445,0.23226832,,Low,Longer-horizon or stable
446,0.20667955,,Low,Longer-horizon or stable
447,0.004949402,,Low,Longer-horizon or stable
448,0.06103295,,Low,Longer-horizon or stable
449,0.07349196,,Low,Longer-horizon or stable
450,0.036862,,Low,Longer-horizon or stable
451,0.12790968,,Low,Longer-horizon or stable
452,0.024483936,,Low,Longer-horizon or stable
453,0.15227516,,Low,Longer-horizon or stable
454,0.910322,10.0,High,Longer-horizon or stable
455,0.21252513,,Low,Longer-horizon or stable
456,0.014223636,,Low,Longer-horizon or stable
458,0.0913141,,Low,Longer-horizon or stable
460,0.011615665,,Low,Longer-horizon or stable
461,0.012253845,,Low,Longer-horizon or stable
462,0.10837322,,Low,Longer-horizon or stable
463,0.18466432,,Low,Longer-horizon or stable
464,0.018236358,,Low,Longer-horizon or stable
465,0.02378956,,Low,Longer-horizon or stable
466,0.17076808,,Low,Longer-horizon or stable
467,0.47490367,,Medium,Longer-horizon or stable
468,0.013987801,,Low,Longer-horizon or stable
469,0.011903092,,Low,Longer-horizon or stable
470,0.09518279,,Low,Longer-horizon or stable
471,0.022580316,,Low,Longer-horizon or stable
473,0.11001969,,Low,Longer-horizon or stable
474,0.062372856,,Low,Longer-horizon or stable
475,0.2110962,,Low,Longer-horizon or stable
476,0.05778333,,Low,Longer-horizon or stable
477,0.011836768,,Low,Longer-horizon or stable
478,0.958927,7.0,High,Longer-horizon or stable
479,0.0041313465,,Low,Longer-horizon or stable
481,0.33331013,,Medium,Longer-horizon or stable
482,0.016322985,,Low,Longer-horizon or stable
483,0.07679622,,Low,Longer-horizon or stable
484,0.15619105,15.0,Low,Longer-horizon or stable
485,0.84215486,8.0,High,Longer-horizon or stable
486,0.05715187,,Low,Longer-horizon or stable
487,0.022505503,,Low,Longer-horizon or stable
488,0.5125176,32.0,Medium,Longer-horizon or stable
491,0.042045936,,Low,Longer-horizon or stable
492,0.4127256,,Medium,Longer-horizon or stable
493,0.49096394,21.0,Medium,Longer-horizon or stable
494,0.5974687,5.0,Medium,Longer-horizon or stable
495,0.03946565,32.0,Low,Longer-horizon or stable
496,0.10899259,,Low,Longer-horizon or stable
497,0.009161876,,Low,Longer-horizon or stable
498,0.045417633,,Low,Longer-horizon or stable
499,0.07257629,,Low,Longer-horizon or stable
500,0.050818514,,Low,Longer-horizon or stable
501,0.005980319,,Low,Longer-horizon or stable
502,0.58610517,23.0,Medium,Longer-horizon or stable
505,0.0063094837,,Low,Longer-horizon or stable
507,0.07768625,,Low,Longer-horizon or stable
508,0.3146484,,Medium,Longer-horizon or stable
510,0.30480692,,Medium,Longer-horizon or stable
511,0.13403474,32.0,Low,Longer-horizon or stable
513,0.15549916,,Low,Longer-horizon or stable
514,0.90955365,10.0,High,Longer-horizon or stable
515,0.037298035,,Low,Longer-horizon or stable
516,0.010114038,,Low,Longer-horizon or stable
517,0.017700778,,Low,Longer-horizon or stable
518,0.26332772,,Low,Longer-horizon or stable
520,0.031093232,,Low,Longer-horizon or stable
521,0.04361258,,Low,Longer-horizon or stable
522,0.066685416,,Low,Longer-horizon or stable
523,0.041397102,,Low,Longer-horizon or stable
524,0.022286797,,Low,Longer-horizon or stable
525,0.19428702,,Low,Longer-horizon or stable
526,0.031041326,,Low,Longer-horizon or stable
527,0.21470495,31.0,Low,Longer-horizon or stable
529,0.07710594,,Low,Longer-horizon or stable
530,0.06465994,,Low,Longer-horizon or stable
531,0.014563672,,Low,Longer-horizon or stable
532,0.20864269,,Low,Longer-horizon or stable
533,0.1342896,,Low,Longer-horizon or stable
534,0.03824166,,Low,Longer-horizon or stable
536,0.03749709,,Low,Longer-horizon or stable
538,0.3741493,,Medium,Longer-horizon or stable
543,0.027280804,,Low,Longer-horizon or stable
544,0.019187832,,Low,Longer-horizon or stable
546,0.00392192,,Low,Longer-horizon or stable
547,0.033959284,,Low,Longer-horizon or stable
548,0.023998518,,Low,Longer-horizon or stable
549,0.10690461,,Low,Longer-horizon or stable
550,0.006878567,,Low,Longer-horizon or stable
551,0.01351339,,Low,Longer-horizon or stable
554,0.7872491,15.0,High,Longer-horizon or stable
555,0.50825286,,Medium,Longer-horizon or stable
556,0.36200342,10.0,Medium,Longer-horizon or stable
558,0.011473912,,Low,Longer-horizon or stable
560,0.029318139,,Low,Longer-horizon or stable
562,0.13212815,,Low,Longer-horizon or stable
564,0.062226567,,Low,Longer-horizon or stable
565,0.56619936,,Medium,Longer-horizon or stable
566,0.70851886,5.0,High,Longer-horizon or stable
567,0.14122657,,Low,Longer-horizon or stable
568,0.04481519,,Low,Longer-horizon or stable
569,0.07012237,,Low,Longer-horizon or stable
571,0.05547585,,Low,Longer-horizon or stable
573,0.21080735,,Low,Longer-horizon or stable
574,0.0095345285,,Low,Longer-horizon or stable
575,0.06062675,,Low,Longer-horizon or stable
577,0.27702618,,Low,Longer-horizon or stable
578,0.097249374,,Low,Longer-horizon or stable
579,0.011494629,,Low,Longer-horizon or stable
580,0.105005205,,Low,Longer-horizon or stable
581,0.0043231626,,Low,Longer-horizon or stable
582,0.4952866,,Medium,Longer-horizon or stable
584,0.4314025,32.0,Medium,Longer-horizon or stable
585,0.26931012,,Low,Longer-horizon or stable
586,0.113554314,,Low,Longer-horizon or stable
587,0.7815184,,High,Longer-horizon or stable
590,0.6302557,,High,Longer-horizon or stable
591,0.188253,,Low,Longer-horizon or stable
592,0.096801035,,Low,Longer-horizon or stable
593,0.8808193,16.0,High,Longer-horizon or stable
595,0.12771615,,Low,Longer-horizon or stable
597,0.15406163,,Low,Longer-horizon or stable
599,0.008367363,,Low,Longer-horizon or stable
600,0.35194638,,Medium,Longer-horizon or stable
601,0.09578618,,Low,Longer-horizon or stable
602,0.07744126,,Low,Longer-horizon or stable
604,0.17332058,31.0,Low,Longer-horizon or stable
605,0.10451527,,Low,Longer-horizon or stable
606,0.027186038,,Low,Longer-horizon or stable
608,0.72656834,,High,Longer-horizon or stable
611,0.024500046,,Low,Longer-horizon or stable
612,0.0021212585,,Low,Longer-horizon or stable
613,0.060056444,,Low,Longer-horizon or stable
614,0.9861509,1.0,High,Near-term
615,0.063323624,,Low,Longer-horizon or stable
616,0.15286674,,Low,Longer-horizon or stable
618,0.27992553,,Low,Longer-horizon or stable
620,0.038773537,,Low,Longer-horizon or stable
621,0.03766983,,Low,Longer-horizon or stable
622,0.996766,3.0,High,Longer-horizon or stable
623,0.018806566,,Low,Longer-horizon or stable
624,0.14134663,,Low,Longer-horizon or stable
625,0.07050464,,Low,Longer-horizon or stable
626,0.009345713,,Low,Longer-horizon or stable
630,0.111548096,,Low,Longer-horizon or stable
631,0.08250226,32.0,Low,Longer-horizon or stable
632,0.1615013,,Low,Longer-horizon or stable
634,0.011971404,,Low,Longer-horizon or stable
635,0.1198892,,Low,Longer-horizon or stable
638,0.019348288,,Low,Longer-horizon or stable
639,0.06424313,,Low,Longer-horizon or stable
641,0.060581878,,Low,Longer-horizon or stable
643,0.335421,10.0,Medium,Longer-horizon or stable
644,0.142126,,Low,Longer-horizon or stable
645,0.3541807,31.0,Medium,Longer-horizon or stable
647,0.4443436,32.0,Medium,Longer-horizon or stable
648,0.89187485,10.0,High,Longer-horizon or stable
649,0.024757998,,Low,Longer-horizon or stable
650,0.5903456,,Medium,Longer-horizon or stable
652,0.07392027,,Low,Longer-horizon or stable
653,0.020395659,,Low,Longer-horizon or stable
655,0.021548003,,Low,Longer-horizon or stable
656,0.075480394,,Low,Longer-horizon or stable
657,0.12344038,9.0,Low,Longer-horizon or stable
659,0.002434858,,Low,Longer-horizon or stable
661,0.014370222,,Low,Longer-horizon or stable
662,0.0718895,,Low,Longer-horizon or stable
663,0.15902553,,Low,Longer-horizon or stable
664,0.010238803,,Low,Longer-horizon or stable
665,0.13331197,,Low,Longer-horizon or stable
666,0.19791517,,Low,Longer-horizon or stable
667,0.06086237,,Low,Longer-horizon or stable
669,0.5606519,15.0,Medium,Longer-horizon or stable
671,0.009590298,,Low,Longer-horizon or stable
675,0.08537777,31.0,Low,Longer-horizon or stable
677,0.059097104,,Low,Longer-horizon or stable
679,0.03903281,,Low,Longer-horizon or stable
680,0.13912168,,Low,Longer-horizon or stable
682,0.11043656,,Low,Longer-horizon or stable
683,0.021581914,,Low,Longer-horizon or stable
684,0.37403825,,Medium,Longer-horizon or stable
686,0.1227359,,Low,Longer-horizon or stable
689,0.042067885,,Low,Longer-horizon or stable
690,0.025249101,,Low,Longer-horizon or stable
691,0.06037124,,Low,Longer-horizon or stable
692,0.09476273,,Low,Longer-horizon or stable
698,0.28758973,,Low,Longer-horizon or stable
699,0.062912606,,Low,Longer-horizon or stable
700,0.095770285,32.0,Low,Longer-horizon or stable
701,0.7206619,5.0,High,Longer-horizon or stable
702,0.83083725,31.0,High,Longer-horizon or stable
704,0.13479525,,Low,Longer-horizon or stable
705,0.08836004,,Low,Longer-horizon or stable
707,0.01077757,,Low,Longer-horizon or stable
709,0.05609233,,Low,Longer-horizon or stable
710,0.016637253,,Low,Longer-horizon or stable
712,0.036659025,,Low,Longer-horizon or stable
714,0.017553605,,Low,Longer-horizon or stable
715,0.026447603,,Low,Longer-horizon or stable
716,0.04030775,,Low,Longer-horizon or stable
717,0.07623195,,Low,Longer-horizon or stable
720,0.52452135,24.0,Medium,Longer-horizon or stable
721,0.060608078,,Low,Longer-horizon or stable
722,0.057940844,,Low,Longer-horizon or stable
723,0.47207657,,Medium,Longer-horizon or stable
724,0.009337937,,Low,Longer-horizon or stable
725,0.021476498,,Low,Longer-horizon or stable
727,0.009888204,,Low,Longer-horizon or stable
728,0.15858117,,Low,Longer-horizon or stable
729,0.25431862,,Low,Longer-horizon or stable
730,0.0038674579,,Low,Longer-horizon or stable
731,0.022482898,,Low,Longer-horizon or stable
732,0.43330428,32.0,Medium,Longer-horizon or stable
733,0.052256864,,Low,Longer-horizon or stable
734,0.0010502677,,Low,Longer-horizon or stable
738,0.06835015,,Low,Longer-horizon or stable
741,0.87303877,10.0,High,Longer-horizon or stable
742,0.015092562,,Low,Longer-horizon or stable
743,0.08059324,,Low,Longer-horizon or stable
744,0.19146225,32.0,Low,Longer-horizon or stable
746,0.14010315,,Low,Longer-horizon or stable
747,0.22079319,,Low,Longer-horizon or stable
749,0.32833627,9.0,Medium,Longer-horizon or stable
752,0.44971675,31.0,Medium,Longer-horizon or stable
754,0.029851388,,Low,Longer-horizon or stable
757,0.054710068,,Low,Longer-horizon or stable
758,0.16336496,,Low,Longer-horizon or stable
760,0.030020958,,Low,Longer-horizon or stable
762,0.16021472,,Low,Longer-horizon or stable
763,0.13782416,31.0,Low,Longer-horizon or stable
764,0.32726485,,Medium,Longer-horizon or stable
766,0.07341933,,Low,Longer-horizon or stable
769,0.023165623,,Low,Longer-horizon or stable
771,0.0038931447,,Low,Longer-horizon or stable
772,0.17737763,,Low,Longer-horizon or stable
773,0.29599872,,Low,Longer-horizon or stable
775,0.031411953,,Low,Longer-horizon or stable
776,0.21527432,,Low,Longer-horizon or stable
780,0.26648006,31.0,Low,Longer-horizon or stable
781,0.06738742,,Low,Longer-horizon or stable
783,0.6141729,,High,Longer-horizon or stable
784,0.058470406,15.0,Low,Longer-horizon or stable
785,0.7161783,31.0,High,Longer-horizon or stable
786,0.0048280717,,Low,Longer-horizon or stable
787,0.11001038,,Low,Longer-horizon or stable
789,0.36149067,,Medium,Longer-horizon or stable
791,0.011095659,,Low,Longer-horizon or stable
792,0.3695118,,Medium,Longer-horizon or stable
793,0.11428787,,Low,Longer-horizon or stable
796,0.7602169,31.0,High,Longer-horizon or stable
797,0.006248213,,Low,Longer-horizon or stable
799,0.06306753,,Low,Longer-horizon or stable
800,0.09205387,,Low,Longer-horizon or stable
802,0.11396664,,Low,Longer-horizon or stable
803,0.1980138,32.0,Low,Longer-horizon or stable
804,0.03852099,,Low,Longer-horizon or stable
805,0.07969158,,Low,Longer-horizon or stable
806,0.03737577,,Low,Longer-horizon or stable
807,0.0045752428,,Low,Longer-horizon or stable
808,0.111411,,Low,Longer-horizon or stable
809,0.018458243,,Low,Longer-horizon or stable
811,0.7901438,3.0,High,Longer-horizon or stable
812,0.11750831,,Low,Longer-horizon or stable
813,0.02404982,,Low,Longer-horizon or stable
815,0.011214144,,Low,Longer-horizon or stable
816,0.7796036,8.0,High,Longer-horizon or stable
817,0.08682117,,Low,Longer-horizon or stable
819,0.73277664,24.0,High,Longer-horizon or stable
820,0.011236526,,Low,Longer-horizon or stable
823,0.015794683,,Low,Longer-horizon or stable
824,0.009260556,,Low,Longer-horizon or stable
825,0.39025798,32.0,Medium,Longer-horizon or stable
826,0.015039656,,Low,Longer-horizon or stable
827,0.009323529,,Low,Longer-horizon or stable
828,0.14497495,,Low,Longer-horizon or stable
829,0.110102534,,Low,Longer-horizon or stable
830,0.016981466,,Low,Longer-horizon or stable
832,0.34800088,,Medium,Longer-horizon or stable
833,0.1757901,,Low,Longer-horizon or stable
834,0.070869446,31.0,Low,Longer-horizon or stable
836,0.051501438,,Low,Longer-horizon or stable
837,0.18714578,,Low,Longer-horizon or stable
838,0.06303796,,Low,Longer-horizon or stable
840,0.5297001,,Medium,Longer-horizon or stable
842,0.25199372,,Low,Longer-horizon or stable
843,0.03066526,,Low,Longer-horizon or stable
844,0.021541735,,Low,Longer-horizon or stable
845,0.063847184,,Low,Longer-horizon or stable
846,0.48434594,32.0,Medium,Longer-horizon or stable
847,0.027358787,,Low,Longer-horizon or stable
848,0.38756126,32.0,Medium,Longer-horizon or stable
850,0.022531401,10.0,Low,Longer-horizon or stable
851,0.18837719,,Low,Longer-horizon or stable
852,0.111025006,,Low,Longer-horizon or stable
854,0.22934653,31.0,Low,Longer-horizon or stable
855,0.0067688436,,Low,Longer-horizon or stable
856,0.15667406,,Low,Longer-horizon or stable
857,0.04705105,,Low,Longer-horizon or stable
859,0.06376505,,Low,Longer-horizon or stable
861,0.11356748,,Low,Longer-horizon or stable
862,0.11761715,,Low,Longer-horizon or stable
864,0.0705588,,Low,Longer-horizon or stable
865,0.024654735,,Low,Longer-horizon or stable
867,0.014744053,,Low,Longer-horizon or stable
868,0.05118544,,Low,Longer-horizon or stable
869,0.009984311,,Low,Longer-horizon or stable
872,0.115720235,,Low,Longer-horizon or stable
874,0.08965325,,Low,Longer-horizon or stable
875,0.2490719,31.0,Low,Longer-horizon or stable
878,0.32173288,,Medium,Longer-horizon or stable
879,0.13846016,,Low,Longer-horizon or stable
880,0.03533942,,Low,Longer-horizon or stable
881,0.7057283,32.0,High,Longer-horizon or stable
882,0.0063844873,,Low,Longer-horizon or stable
885,0.41891196,,Medium,Longer-horizon or stable
887,0.031976018,,Low,Longer-horizon or stable
888,0.16780388,,Low,Longer-horizon or stable
889,0.16430083,,Low,Longer-horizon or stable
893,0.12314071,,Low,Longer-horizon or stable
894,0.02995665,,Low,Longer-horizon or stable
895,0.07895765,,Low,Longer-horizon or stable
896,0.29469404,,Low,Longer-horizon or stable
897,0.09810788,,Low,Longer-horizon or stable
899,0.33532837,,Medium,Longer-horizon or stable
900,0.06914434,,Low,Longer-horizon or stable
901,0.01779586,,Low,Longer-horizon or stable
902,0.0078736665,,Low,Longer-horizon or stable
903,0.15054928,,Low,Longer-horizon or stable
904,0.34454924,31.0,Medium,Longer-horizon or stable
905,0.015178353,,Low,Longer-horizon or stable
909,0.0049088006,,Low,Longer-horizon or stable
910,0.15763122,,Low,Longer-horizon or stable
911,0.9686751,7.0,High,Longer-horizon or stable
912,0.039502036,,Low,Longer-horizon or stable
913,0.4975164,,Medium,Longer-horizon or stable
916,0.057702813,,Low,Longer-horizon or stable
918,0.8468835,31.0,High,Longer-horizon or stable
920,0.028163204,,Low,Longer-horizon or stable
922,0.30896676,5.0,Medium,Longer-horizon or stable
923,0.4450357,9.0,Medium,Longer-horizon or stable
924,0.084041364,,Low,Longer-horizon or stable
925,0.38707104,31.0,Medium,Longer-horizon or stable
926,0.1090151,,Low,Longer-horizon or stable
927,0.3545439,,Medium,Longer-horizon or stable
930,0.051294945,,Low,Longer-horizon or stable
932,0.9133841,14.0,High,Longer-horizon or stable
933,0.2517454,10.0,Low,Longer-horizon or stable
934,0.23258449,,Low,Longer-horizon or stable
936,0.17011487,,Low,Longer-horizon or stable
939,0.69328064,31.0,High,Longer-horizon or stable
940,0.023916598,,Low,Longer-horizon or stable
941,0.6004759,32.0,High,Longer-horizon or stable
942,0.024469875,,Low,Longer-horizon or stable
944,0.107692644,,Low,Longer-horizon or stable
945,0.14446019,,Low,Longer-horizon or stable
947,0.04073739,,Low,Longer-horizon or stable
949,0.0059181787,,Low,Longer-horizon or stable
950,0.0045825765,,Low,Longer-horizon or stable
951,0.1401381,31.0,Low,Longer-horizon or stable
952,0.95247906,5.0,High,Longer-horizon or stable
954,0.3344321,,Medium,Longer-horizon or stable
956,0.27318883,,Low,Longer-horizon or stable
957,0.13280407,,Low,Longer-horizon or stable
958,0.057600405,,Low,Longer-horizon or stable
959,0.9799313,2.0,High,Near-term
960,0.91144204,6.0,High,Longer-horizon or stable
961,0.12752241,,Low,Longer-horizon or stable
964,0.2621104,,Low,Longer-horizon or stable
966,0.032568514,,Low,Longer-horizon or stable
967,0.13303794,,Low,Longer-horizon or stable
969,0.03189446,,Low,Longer-horizon or stable
970,0.88723433,32.0,High,Longer-horizon or stable
972,0.032409165,,Low,Longer-horizon or stable
974,0.24388489,,Low,Longer-horizon or stable
975,0.11923353,,Low,Longer-horizon or stable
976,0.005967537,,Low,Longer-horizon or stable
977,0.3183757,,Medium,Longer-horizon or stable
981,0.038431086,,Low,Longer-horizon or stable
982,0.35010266,,Medium,Longer-horizon or stable
983,0.11331304,,Low,Longer-horizon or stable
984,0.015017308,,Low,Longer-horizon or stable
985,0.036976475,,Low,Longer-horizon or stable
986,0.30446634,,Medium,Longer-horizon or stable
987,0.046248037,,Low,Longer-horizon or stable
990,0.011121352,,Low,Longer-horizon or stable
991,0.8826508,17.0,High,Longer-horizon or stable
992,0.08080045,,Low,Longer-horizon or stable
994,0.8197309,10.0,High,Longer-horizon or stable
995,0.10661662,,Low,Longer-horizon or stable
996,0.0068037733,,Low,Longer-horizon or stable
997,0.0014975036,,Low,Longer-horizon or stable
998,0.045621537,,Low,Longer-horizon or stable
999,0.02556396,,Low,Longer-horizon or stable
1001,0.3564851,,Medium,Longer-horizon or stable
1002,0.05467627,,Low,Longer-horizon or stable
1003,0.048620295,,Low,Longer-horizon or stable
1004,0.74080247,13.0,High,Longer-horizon or stable
1005,0.026633408,,Low,Longer-horizon or stable
1006,0.1985958,,Low,Longer-horizon or stable
1007,0.013761696,,Low,Longer-horizon or stable
1009,0.010279861,,Low,Longer-horizon or stable
1010,0.6815701,,High,Longer-horizon or stable
1011,0.031166434,,Low,Longer-horizon or stable
1012,0.099904105,4.0,Low,Longer-horizon or stable
1013,0.08109057,,Low,Longer-horizon or stable
1014,0.15154761,,Low,Longer-horizon or stable
1015,0.03318139,,Low,Longer-horizon or stable
1016,0.951746,4.0,High,Longer-horizon or stable
1017,0.57673216,,Medium,Longer-horizon or stable
1018,0.0029382745,,Low,Longer-horizon or stable
1019,0.58141696,32.0,Medium,Longer-horizon or stable
1022,0.0815628,,Low,Longer-horizon or stable
1024,0.15110922,,Low,Longer-horizon or stable
1025,0.0075434595,,Low,Longer-horizon or stable
1026,0.009115829,,Low,Longer-horizon or stable
1027,0.019224254,,Low,Longer-horizon or stable
1028,0.08247366,,Low,Longer-horizon or stable
1029,0.022775361,,Low,Longer-horizon or stable
1030,0.11105265,32.0,Low,Longer-horizon or stable
1032,0.016452141,,Low,Longer-horizon or stable
1033,0.81308264,,High,Longer-horizon or stable
1034,0.14389305,,Low,Longer-horizon or stable
1035,0.0084448,,Low,Longer-horizon or stable
1036,0.18781775,,Low,Longer-horizon or stable
1037,0.4795244,23.0,Medium,Longer-horizon or stable
1038,0.6419379,,High,Longer-horizon or stable
1039,0.050665088,,Low,Longer-horizon or stable
1040,0.004394228,,Low,Longer-horizon or stable
1042,0.35185856,,Medium,Longer-horizon or stable
1043,0.10025725,,Low,Longer-horizon or stable
1044,0.09751813,31.0,Low,Longer-horizon or stable
1045,0.0046625175,,Low,Longer-horizon or stable
1046,0.070844665,,Low,Longer-horizon or stable
1047,0.012128702,,Low,Longer-horizon or stable
1048,0.06201455,,Low,Longer-horizon or stable
1049,0.30240566,,Medium,Longer-horizon or stable
1050,0.27879336,,Low,Longer-horizon or stable
1052,0.38247877,,Medium,Longer-horizon or stable
1053,0.9324813,18.0,High,Longer-horizon or stable
1055,0.32803416,10.0,Medium,Longer-horizon or stable
1056,0.29234168,9.0,Low,Longer-horizon or stable
1060,0.0836177,,Low,Longer-horizon or stable
1061,0.109835155,,Low,Longer-horizon or stable
1062,0.07548404,,Low,Longer-horizon or stable
1066,0.41892523,,Medium,Longer-horizon or stable
1068,0.018938504,,Low,Longer-horizon or stable
1069,0.008279139,,Low,Longer-horizon or stable
1070,0.23061526,,Low,Longer-horizon or stable
1071,0.07554267,,Low,Longer-horizon or stable
1073,0.14903799,,Low,Longer-horizon or stable
1074,0.07336703,,Low,Longer-horizon or stable
1076,0.028568652,,Low,Longer-horizon or stable
1077,0.82942307,5.0,High,Longer-horizon or stable
1079,0.92881894,5.0,High,Longer-horizon or stable
1080,0.05079698,,Low,Longer-horizon or stable
1081,0.505295,,Medium,Longer-horizon or stable
1082,0.6097102,,High,Longer-horizon or stable
1083,0.40247884,,Medium,Longer-horizon or stable
1084,0.12828553,,Low,Longer-horizon or stable
1085,0.01212632,,Low,Longer-horizon or stable
1088,0.064922936,,Low,Longer-horizon or stable
1092,0.043538325,,Low,Longer-horizon or stable
1094,0.08518425,,Low,Longer-horizon or stable
1096,0.018945917,,Low,Longer-horizon or stable
1097,0.030844303,,Low,Longer-horizon or stable
1098,0.23300233,,Low,Longer-horizon or stable
1099,0.008293454,,Low,Longer-horizon or stable
1100,0.62127024,31.0,High,Longer-horizon or stable
1101,0.30793098,,Medium,Longer-horizon or stable
1102,0.103209466,,Low,Longer-horizon or stable
1103,0.07151886,,Low,Longer-horizon or stable
1105,0.024022443,,Low,Longer-horizon or stable
1106,0.20333458,,Low,Longer-horizon or stable
1107,0.7862378,8.0,High,Longer-horizon or stable
1108,0.96707827,13.0,High,Longer-horizon or stable
1109,0.0076934374,,Low,Longer-horizon or stable
1111,0.72612363,,High,Longer-horizon or stable
1113,0.4045436,,Medium,Longer-horizon or stable
1114,0.04868427,,Low,Longer-horizon or stable
1115,0.00765068,,Low,Longer-horizon or stable
1116,0.0017729476,,Low,Longer-horizon or stable
1117,0.015419122,,Low,Longer-horizon or stable
1118,0.19536453,,Low,Longer-horizon or stable
1119,0.22029135,,Low,Longer-horizon or stable
1120,0.0348945,,Low,Longer-horizon or stable
1121,0.011657113,,Low,Longer-horizon or stable
1124,0.097606145,,Low,Longer-horizon or stable
1125,0.196484,,Low,Longer-horizon or stable
1126,0.13674174,,Low,Longer-horizon or stable
1127,0.19585288,,Low,Longer-horizon or stable
1128,0.19276376,,Low,Longer-horizon or stable
1131,0.39430615,8.0,Medium,Longer-horizon or stable
1132,0.31586462,,Medium,Longer-horizon or stable
1133,0.05106179,,Low,Longer-horizon or stable
1135,0.12183626,,Low,Longer-horizon or stable
1136,0.33677098,,Medium,Longer-horizon or stable
1137,0.03145077,,Low,Longer-horizon or stable
1138,0.1329601,,Low,Longer-horizon or stable
1140,0.11305175,,Low,Longer-horizon or stable
1143,0.019266155,,Low,Longer-horizon or stable
1148,0.33364815,,Medium,Longer-horizon or stable
1150,0.070968606,,Low,Longer-horizon or stable
1152,0.005915153,,Low,Longer-horizon or stable
1154,0.33596212,,Medium,Longer-horizon or stable
1156,0.6374573,1.0,High,Near-term
1157,0.839941,24.0,High,Longer-horizon or stable
1158,0.3909995,,Medium,Longer-horizon or stable
1160,0.23329602,,Low,Longer-horizon or stable
1161,0.012903008,,Low,Longer-horizon or stable
1162,0.026950205,,Low,Longer-horizon or stable
1163,0.121455885,,Low,Longer-horizon or stable
1164,0.54363984,,Medium,Longer-horizon or stable
1165,0.3910074,,Medium,Longer-horizon or stable
1166,0.06969112,,Low,Longer-horizon or stable
1167,0.7764749,31.0,High,Longer-horizon or stable
1171,0.35251284,,Medium,Longer-horizon or stable
1172,0.11247697,,Low,Longer-horizon or stable
1173,0.263817,31.0,Low,Longer-horizon or stable
1175,0.8561411,7.0,High,Longer-horizon or stable
1177,0.009939712,,Low,Longer-horizon or stable
1179,0.16899252,,Low,Longer-horizon or stable
1180,0.10849957,,Low,Longer-horizon or stable
1182,0.035690594,,Low,Longer-horizon or stable
1184,0.047790155,,Low,Longer-horizon or stable
1185,0.062230073,,Low,Longer-horizon or stable
1188,0.9126149,31.0,High,Longer-horizon or stable
1190,0.03088111,,Low,Longer-horizon or stable
1191,0.033498347,,Low,Longer-horizon or stable
1192,0.011879164,,Low,Longer-horizon or stable
1193,0.41699564,7.0,Medium,Longer-horizon or stable
1195,0.08016466,,Low,Longer-horizon or stable
1196,0.004625951,,Low,Longer-horizon or stable
1198,0.84306794,9.0,High,Longer-horizon or stable
1200,0.20113371,,Low,Longer-horizon or stable
1201,0.0013396109,,Low,Longer-horizon or stable
1202,0.55992395,,Medium,Longer-horizon or stable
1203,0.5323164,10.0,Medium,Longer-horizon or stable
1204,0.07144857,,Low,Longer-horizon or stable
1206,0.07002918,,Low,Longer-horizon or stable
1207,0.021996206,,Low,Longer-horizon or stable
1210,0.5935616,,Medium,Longer-horizon or stable
1211,0.13161753,,Low,Longer-horizon or stable
1212,0.15606809,,Low,Longer-horizon or stable
1215,0.0021122291,,Low,Longer-horizon or stable
1216,0.09424482,,Low,Longer-horizon or stable
1217,0.013818622,,Low,Longer-horizon or stable
1218,0.21652707,,Low,Longer-horizon or stable
1219,0.6802936,9.0,High,Longer-horizon or stable
1220,0.14869052,,Low,Longer-horizon or stable
1221,0.04402148,,Low,Longer-horizon or stable
1224,0.14180729,,Low,Longer-horizon or stable
1225,0.017083628,,Low,Longer-horizon or stable
1226,0.2748402,10.0,Low,Longer-horizon or stable
1228,0.009919714,,Low,Longer-horizon or stable
1231,0.005872622,,Low,Longer-horizon or stable
1233,0.013184253,,Low,Longer-horizon or stable
1234,0.30670837,,Medium,Longer-horizon or stable
1235,0.106076814,,Low,Longer-horizon or stable
1237,0.058353126,,Low,Longer-horizon or stable
1238,0.012043539,,Low,Longer-horizon or stable
1239,0.13550556,,Low,Longer-horizon or stable
1240,0.06463697,,Low,Longer-horizon or stable
1241,0.077044934,,Low,Longer-horizon or stable
1242,0.20893,,Low,Longer-horizon or stable
1243,0.1608925,,Low,Longer-horizon or stable
1244,0.5715205,,Medium,Longer-horizon or stable
1245,0.032021318,,Low,Longer-horizon or stable
1246,0.004777811,,Low,Longer-horizon or stable
1248,0.89613885,1.0,High,Near-term
1249,0.00943448,,Low,Longer-horizon or stable
1250,0.0028481823,,Low,Longer-horizon or stable
1251,0.2988872,,Low,Longer-horizon or stable
1252,0.14940478,,Low,Longer-horizon or stable
1254,0.01388929,,Low,Longer-horizon or stable
1255,0.030497843,,Low,Longer-horizon or stable
1256,0.028009446,,Low,Longer-horizon or stable
1257,0.25154358,,Low,Longer-horizon or stable
1258,0.39733973,,Medium,Longer-horizon or stable
1259,0.029891698,,Low,Longer-horizon or stable
1260,0.019890264,,Low,Longer-horizon or stable
1263,0.0070864065,,Low,Longer-horizon or stable
1264,0.0014870889,,Low,Longer-horizon or stable
1265,0.13856113,,Low,Longer-horizon or stable
1267,0.07936807,,Low,Longer-horizon or stable
1268,0.0352378,,Low,Longer-horizon or stable
1269,0.4889493,5.0,Medium,Longer-horizon or stable
1270,0.041948017,17.0,Low,Longer-horizon or stable
1273,0.9899558,7.0,High,Longer-horizon or stable
1275,0.22978005,31.0,Low,Longer-horizon or stable
1277,0.41508883,32.0,Medium,Longer-horizon or stable
1278,0.032358497,,Low,Longer-horizon or stable
1279,0.8723857,10.0,High,Longer-horizon or stable
1280,0.01740296,,Low,Longer-horizon or stable
1281,0.29498756,32.0,Low,Longer-horizon or stable
1282,0.1465271,,Low,Longer-horizon or stable
1283,0.022133054,,Low,Longer-horizon or stable
1285,0.08020544,,Low,Longer-horizon or stable
1286,0.63955873,17.0,High,Longer-horizon or stable
1288,0.014942271,,Low,Longer-horizon or stable
1289,0.10162248,,Low,Longer-horizon or stable
1291,0.17542246,,Low,Longer-horizon or stable
1292,0.1772515,31.0,Low,Longer-horizon or stable
1293,0.062792115,,Low,Longer-horizon or stable
1294,0.08208767,,Low,Longer-horizon or stable
1295,0.036359083,,Low,Longer-horizon or stable
1296,0.2011951,,Low,Longer-horizon or stable
1297,0.16008008,,Low,Longer-horizon or stable
1298,0.08337716,32.0,Low,Longer-horizon or stable
1299,0.6525059,,High,Longer-horizon or stable
1301,0.49581185,32.0,Medium,Longer-horizon or stable
1303,0.058219317,32.0,Low,Longer-horizon or stable
1304,0.0068525113,,Low,Longer-horizon or stable
1306,0.056275006,,Low,Longer-horizon or stable
1307,0.041154496,,Low,Longer-horizon or stable
1308,0.06420016,,Low,Longer-horizon or stable
1309,0.0590534,,Low,Longer-horizon or stable
1310,0.22108684,,Low,Longer-horizon or stable
1311,0.087830685,,Low,Longer-horizon or stable
1312,0.14384517,,Low,Longer-horizon or stable
1314,0.09230615,,Low,Longer-horizon or stable
1315,0.01587774,,Low,Longer-horizon or stable
1317,0.052823838,,Low,Longer-horizon or stable
1318,0.7190978,31.0,High,Longer-horizon or stable
1319,0.92633015,24.0,High,Longer-horizon or stable
1321,0.07350292,,Low,Longer-horizon or stable
1322,0.09530361,,Low,Longer-horizon or stable
1324,0.040674016,,Low,Longer-horizon or stable
1329,0.19490251,,Low,Longer-horizon or stable
1331,0.91435266,10.0,High,Longer-horizon or stable
1333,0.43415597,32.0,Medium,Longer-horizon or stable
1334,0.012203493,,Low,Longer-horizon or stable
1336,0.01755335,,Low,Longer-horizon or stable
1338,0.07553022,,Low,Longer-horizon or stable
1340,0.021786436,,Low,Longer-horizon or stable
1344,0.015538774,,Low,Longer-horizon or stable
1346,0.017253624,,Low,Longer-horizon or stable
1349,0.029083928,,Low,Longer-horizon or stable
1350,0.18370074,,Low,Longer-horizon or stable
1352,0.0150367655,,Low,Longer-horizon or stable
1355,0.020067686,,Low,Longer-horizon or stable
1356,0.05200582,,Low,Longer-horizon or stable
1358,0.031816915,,Low,Longer-horizon or stable
1360,0.781438,,High,Longer-horizon or stable
1361,0.06909981,,Low,Longer-horizon or stable
1362,0.16471823,,Low,Longer-horizon or stable
1363,0.021200381,,Low,Longer-horizon or stable
1364,0.06907258,,Low,Longer-horizon or stable
1367,0.1612502,,Low,Longer-horizon or stable
1368,0.07226528,2.0,Low,Near-term
1369,0.008459278,,Low,Longer-horizon or stable
1371,0.11263665,,Low,Longer-horizon or stable
1372,0.8213407,31.0,High,Longer-horizon or stable
1373,0.192133,,Low,Longer-horizon or stable
1374,0.044703662,,Low,Longer-horizon or stable
1375,0.006283935,,Low,Longer-horizon or stable
1377,0.37561762,,Medium,Longer-horizon or stable
1379,0.50541174,24.0,Medium,Longer-horizon or stable
1380,0.8570154,,High,Longer-horizon or stable
1382,0.009557544,,Low,Longer-horizon or stable
1383,0.008941153,,Low,Longer-horizon or stable
1387,0.1679327,,Low,Longer-horizon or stable
1389,0.19743055,,Low,Longer-horizon or stable
1390,0.25532618,,Low,Longer-horizon or stable
1391,0.44254544,,Medium,Longer-horizon or stable
1392,0.119587995,,Low,Longer-horizon or stable
1394,0.21783158,,Low,Longer-horizon or stable
1395,0.41421506,,Medium,Longer-horizon or stable
1396,0.3420914,,Medium,Longer-horizon or stable
1397,0.012645015,,Low,Longer-horizon or stable
1399,0.29031548,32.0,Low,Longer-horizon or stable
1401,0.021970728,,Low,Longer-horizon or stable
1402,0.2813946,,Low,Longer-horizon or stable
1403,0.3314462,,Medium,Longer-horizon or stable
1405,0.44873652,17.0,Medium,Longer-horizon or stable
1407,0.03581519,,Low,Longer-horizon or stable
1408,0.0019412412,,Low,Longer-horizon or stable
1409,0.33407438,,Medium,Longer-horizon or stable
1411,0.13795388,,Low,Longer-horizon or stable
1412,0.091795295,,Low,Longer-horizon or stable
1415,0.24571201,,Low,Longer-horizon or stable
1417,0.044552434,,Low,Longer-horizon or stable
1419,0.6802425,,High,Longer-horizon or stable
1420,0.8105843,32.0,High,Longer-horizon or stable
1421,0.7483396,31.0,High,Longer-horizon or stable
1422,0.011582821,,Low,Longer-horizon or stable
1423,0.01779507,,Low,Longer-horizon or stable
1424,0.0008154907,,Low,Longer-horizon or stable
1425,0.2242559,31.0,Low,Longer-horizon or stable
1427,0.9088437,4.0,High,Longer-horizon or stable
1428,0.049840674,,Low,Longer-horizon or stable
1430,0.075001776,,Low,Longer-horizon or stable
1431,0.035409737,,Low,Longer-horizon or stable
1433,0.5779185,9.0,Medium,Longer-horizon or stable
1434,0.36201835,,Medium,Longer-horizon or stable
1435,0.18230581,,Low,Longer-horizon or stable
1436,0.29737267,,Low,Longer-horizon or stable
1438,0.15455274,,Low,Longer-horizon or stable
1439,0.788813,32.0,High,Longer-horizon or stable
1440,0.30622673,,Medium,Longer-horizon or stable
1441,0.047056682,,Low,Longer-horizon or stable
1443,0.01414932,,Low,Longer-horizon or stable
1445,0.02993444,,Low,Longer-horizon or stable
1446,0.071749195,,Low,Longer-horizon or stable
1447,0.100391485,,Low,Longer-horizon or stable
1448,0.28451216,31.0,Low,Longer-horizon or stable
1449,0.017575657,,Low,Longer-horizon or stable
1453,0.07231318,,Low,Longer-horizon or stable
1457,0.32372728,,Medium,Longer-horizon or stable
1458,0.7098591,24.0,High,Longer-horizon or stable
1459,0.37845027,,Medium,Longer-horizon or stable
1460,0.16556862,,Low,Longer-horizon or stable
1461,0.057718683,24.0,Low,Longer-horizon or stable
1464,0.8803217,,High,Longer-horizon or stable
1465,0.06538079,,Low,Longer-horizon or stable
1466,0.040675163,,Low,Longer-horizon or stable
1467,0.5736417,,Medium,Longer-horizon or stable
1468,0.0028685904,,Low,Longer-horizon or stable
1469,0.10430524,,Low,Longer-horizon or stable
1471,0.035434965,,Low,Longer-horizon or stable
1472,0.011780506,,Low,Longer-horizon or stable
1473,0.1393486,,Low,Longer-horizon or stable
1474,0.0149504775,,Low,Longer-horizon or stable
1475,0.098706625,,Low,Longer-horizon or stable
1477,0.10349453,,Low,Longer-horizon or stable
1478,0.22150536,,Low,Longer-horizon or stable
1479,0.21695368,,Low,Longer-horizon or stable
1480,0.06458096,,Low,Longer-horizon or stable
1481,0.1999958,,Low,Longer-horizon or stable
1482,0.17494501,,Low,Longer-horizon or stable
1483,0.025535207,,Low,Longer-horizon or stable
1484,0.008632531,,Low,Longer-horizon or stable
1485,0.08915014,,Low,Longer-horizon or stable
1486,0.46494237,,Medium,Longer-horizon or stable
1487,0.93892294,19.0,High,Longer-horizon or stable
1489,0.7359957,24.0,High,Longer-horizon or stable
1492,0.11713653,32.0,Low,Longer-horizon or stable
1494,0.9822174,10.0,High,Longer-horizon or stable
1495,0.16676143,6.0,Low,Longer-horizon or stable
1496,0.3906504,32.0,Medium,Longer-horizon or stable
1497,0.059453316,,Low,Longer-horizon or stable
1499,0.06745377,,Low,Longer-horizon or stable
1501,0.12846509,,Low,Longer-horizon or stable
1502,0.23286346,,Low,Longer-horizon or stable
1503,0.20832436,,Low,Longer-horizon or stable
1504,0.90636337,,High,Longer-horizon or stable
1506,0.2287693,10.0,Low,Longer-horizon or stable
1507,0.17849082,,Low,Longer-horizon or stable
1509,0.15878487,,Low,Longer-horizon or stable
1513,0.03593558,,Low,Longer-horizon or stable
1514,0.18066038,,Low,Longer-horizon or stable
1515,0.11804675,,Low,Longer-horizon or stable
1516,0.007625308,,Low,Longer-horizon or stable
1520,0.009968256,,Low,Longer-horizon or stable
1522,0.8922799,15.0,High,Longer-horizon or stable
1523,0.02868972,,Low,Longer-horizon or stable
1525,0.03968796,,Low,Longer-horizon or stable
1527,0.05107436,,Low,Longer-horizon or stable
1529,0.23230815,,Low,Longer-horizon or stable
1533,0.36677322,21.0,Medium,Longer-horizon or stable
1534,0.65932316,24.0,High,Longer-horizon or stable
1535,0.15204766,,Low,Longer-horizon or stable
1537,0.41723517,,Medium,Longer-horizon or stable
1539,0.21500091,,Low,Longer-horizon or stable
1541,0.5530081,,Medium,Longer-horizon or stable
1542,0.07104312,,Low,Longer-horizon or stable
1543,0.12195447,,Low,Longer-horizon or stable
1544,0.030084897,,Low,Longer-horizon or stable
1545,0.044226427,,Low,Longer-horizon or stable
1546,0.03681717,,Low,Longer-horizon or stable
1547,0.099725135,,Low,Longer-horizon or stable
1548,0.084158406,,Low,Longer-horizon or stable
1549,0.18791568,,Low,Longer-horizon or stable
1550,0.022445278,,Low,Longer-horizon or stable
1551,0.582555,,Medium,Longer-horizon or stable
1552,0.013534129,,Low,Longer-horizon or stable
1553,0.1380125,,Low,Longer-horizon or stable
1554,0.062200468,,Low,Longer-horizon or stable
1555,0.03592098,,Low,Longer-horizon or stable
1556,0.28641143,31.0,Low,Longer-horizon or stable
1557,0.057872623,,Low,Longer-horizon or stable
1558,0.25553033,,Low,Longer-horizon or stable
1560,0.08983003,,Low,Longer-horizon or stable
1562,0.14910333,,Low,Longer-horizon or stable
1563,0.15421954,,Low,Longer-horizon or stable
1564,0.15350801,,Low,Longer-horizon or stable
1568,0.19417194,,Low,Longer-horizon or stable
1569,0.5359311,10.0,Medium,Longer-horizon or stable
1572,0.13968028,,Low,Longer-horizon or stable
1573,0.090110995,,Low,Longer-horizon or stable
1574,0.018043403,,Low,Longer-horizon or stable
1576,0.12017741,,Low,Longer-horizon or stable
1577,0.18728001,31.0,Low,Longer-horizon or stable
1578,0.19561659,,Low,Longer-horizon or stable
1580,0.029535163,,Low,Longer-horizon or stable
1581,0.1798417,10.0,Low,Longer-horizon or stable
1582,0.09726269,,Low,Longer-horizon or stable
1583,0.12557667,,Low,Longer-horizon or stable
1585,0.08853161,,Low,Longer-horizon or stable
1586,0.28472206,,Low,Longer-horizon or stable
1587,0.14389746,32.0,Low,Longer-horizon or stable
1588,0.064301476,,Low,Longer-horizon or stable
1590,0.028661927,,Low,Longer-horizon or stable
1591,0.10834755,,Low,Longer-horizon or stable
1592,0.052948624,,Low,Longer-horizon or stable
1594,0.18353014,,Low,Longer-horizon or stable
1595,0.01095599,,Low,Longer-horizon or stable
1596,0.08319817,,Low,Longer-horizon or stable
1597,0.101708725,,Low,Longer-horizon or stable
1598,0.031504508,,Low,Longer-horizon or stable
1599,0.054281514,,Low,Longer-horizon or stable
1601,0.091948025,,Low,Longer-horizon or stable
1602,0.022371944,,Low,Longer-horizon or stable
1604,0.87249523,7.0,High,Longer-horizon or stable
1605,0.53275615,17.0,Medium,Longer-horizon or stable
1606,0.30189133,,Medium,Longer-horizon or stable
1607,0.0040448913,,Low,Longer-horizon or stable
1608,0.005062863,,Low,Longer-horizon or stable
1609,0.098831646,,Low,Longer-horizon or stable
1611,0.4814248,,Medium,Longer-horizon or stable
1612,0.30930504,,Medium,Longer-horizon or stable
1613,0.1866769,,Low,Longer-horizon or stable
1614,0.1337507,,Low,Longer-horizon or stable
1615,0.034140576,,Low,Longer-horizon or stable
1617,0.08963932,,Low,Longer-horizon or stable
1618,0.060983166,,Low,Longer-horizon or stable
1619,0.040140115,,Low,Longer-horizon or stable
1621,0.017687667,,Low,Longer-horizon or stable
1622,0.08395089,,Low,Longer-horizon or stable
1623,0.04920323,31.0,Low,Longer-horizon or stable
1624,0.9285436,1.0,High,Near-term
1625,0.015711648,,Low,Longer-horizon or stable
1627,0.02108907,,Low,Longer-horizon or stable
1628,0.089760095,,Low,Longer-horizon or stable
1630,0.0013562862,,Low,Longer-horizon or stable
1631,0.13276792,,Low,Longer-horizon or stable
1633,0.11404178,,Low,Longer-horizon or stable
1635,0.005328896,,Low,Longer-horizon or stable
1638,0.0036549985,,Low,Longer-horizon or stable
1639,0.57123053,,Medium,Longer-horizon or stable
1640,0.17289796,,Low,Longer-horizon or stable
1641,0.13628337,32.0,Low,Longer-horizon or stable
1642,0.070301235,,Low,Longer-horizon or stable
1644,0.0049364064,,Low,Longer-horizon or stable
1645,0.7567812,32.0,High,Longer-horizon or stable
1646,0.18562776,24.0,Low,Longer-horizon or stable
1647,0.13451743,,Low,Longer-horizon or stable
1648,0.0703678,,Low,Longer-horizon or stable
1649,0.9491913,10.0,High,Longer-horizon or stable
1650,0.57484144,31.0,Medium,Longer-horizon or stable
1651,0.007849551,,Low,Longer-horizon or stable
1653,0.0024794117,,Low,Longer-horizon or stable
1654,0.057534117,,Low,Longer-horizon or stable
1655,0.014905999,,Low,Longer-horizon or stable
1656,0.013202505,,Low,Longer-horizon or stable
1657,0.16984896,9.0,Low,Longer-horizon or stable
1658,0.004886159,,Low,Longer-horizon or stable
1659,0.39226532,31.0,Medium,Longer-horizon or stable
1661,0.01032594,,Low,Longer-horizon or stable
1662,0.002559882,,Low,Longer-horizon or stable
1664,0.0074168076,,Low,Longer-horizon or stable
1665,0.0070979204,,Low,Longer-horizon or stable
1666,0.032048397,,Low,Longer-horizon or stable
1667,0.55871856,31.0,Medium,Longer-horizon or stable
1668,0.009193851,,Low,Longer-horizon or stable
1669,0.1778865,,Low,Longer-horizon or stable
1670,0.0010327282,,Low,Longer-horizon or stable
1671,0.0050324807,,Low,Longer-horizon or stable
1673,0.04272643,,Low,Longer-horizon or stable
1674,0.34346288,,Medium,Longer-horizon or stable
1675,0.14409253,,Low,Longer-horizon or stable
1676,0.005298182,,Low,Longer-horizon or stable
1677,0.022177102,,Low,Longer-horizon or stable
1678,0.12232228,,Low,Longer-horizon or stable
1680,0.3146145,9.0,Medium,Longer-horizon or stable
1681,0.048080258,,Low,Longer-horizon or stable
1682,0.18109597,,Low,Longer-horizon or stable
1683,0.05813234,,Low,Longer-horizon or stable
1684,0.5685824,16.0,Medium,Longer-horizon or stable
1687,0.015244362,,Low,Longer-horizon or stable
1689,0.019264113,,Low,Longer-horizon or stable
1691,0.3427656,,Medium,Longer-horizon or stable
1692,0.73836946,8.0,High,Longer-horizon or stable
1693,0.0071918983,,Low,Longer-horizon or stable
1694,0.38580993,,Medium,Longer-horizon or stable
1696,0.030036671,,Low,Longer-horizon or stable
1697,0.0027320723,,Low,Longer-horizon or stable
1698,0.027043432,,Low,Longer-horizon or stable
1700,0.075175576,,Low,Longer-horizon or stable
1701,0.05738702,,Low,Longer-horizon or stable
1702,0.26738003,9.0,Low,Longer-horizon or stable
1703,0.010898209,,Low,Longer-horizon or stable
1704,0.16144967,,Low,Longer-horizon or stable
1706,0.10973668,,Low,Longer-horizon or stable
1707,0.0068104756,,Low,Longer-horizon or stable
1708,0.25340262,,Low,Longer-horizon or stable
1709,0.041043285,,Low,Longer-horizon or stable
1710,0.10854275,,Low,Longer-horizon or stable
1712,0.025902485,,Low,Longer-horizon or stable
1714,0.6207332,7.0,High,Longer-horizon or stable
1716,0.9491279,31.0,High,Longer-horizon or stable
1718,0.19714744,,Low,Longer-horizon or stable
1719,0.12789138,,Low,Longer-horizon or stable
1720,0.51088876,,Medium,Longer-horizon or stable
1721,0.05933572,,Low,Longer-horizon or stable
1722,0.028875973,,Low,Longer-horizon or stable
1724,0.038898006,,Low,Longer-horizon or stable
1725,0.11169637,,Low,Longer-horizon or stable
1727,0.04570003,,Low,Longer-horizon or stable
1728,0.00817977,,Low,Longer-horizon or stable
1729,0.026416566,,Low,Longer-horizon or stable
1731,0.047276046,,Low,Longer-horizon or stable
1732,0.06825382,,Low,Longer-horizon or stable
1733,0.3834901,,Medium,Longer-horizon or stable
1734,0.86951816,,High,Longer-horizon or stable
1735,0.33539695,21.0,Medium,Longer-horizon or stable
1736,0.09514512,,Low,Longer-horizon or stable
1737,0.021259453,,Low,Longer-horizon or stable
1739,0.25872254,,Low,Longer-horizon or stable
1740,0.28891695,,Low,Longer-horizon or stable
1744,0.054857947,,Low,Longer-horizon or stable
1745,0.05292676,,Low,Longer-horizon or stable
1746,0.22630864,,Low,Longer-horizon or stable
1747,0.33603543,,Medium,Longer-horizon or stable
1749,0.105530985,,Low,Longer-horizon or stable
1751,0.01195316,,Low,Longer-horizon or stable
1752,0.78268135,14.0,High,Longer-horizon or stable
1753,0.08826832,31.0,Low,Longer-horizon or stable
1754,0.31916884,,Medium,Longer-horizon or stable
1755,0.015102813,,Low,Longer-horizon or stable
1756,0.034203164,,Low,Longer-horizon or stable
1757,0.1506302,,Low,Longer-horizon or stable
1758,0.9176952,31.0,High,Longer-horizon or stable
1760,0.13101515,,Low,Longer-horizon or stable
1761,0.560465,,Medium,Longer-horizon or stable
1762,0.14337201,,Low,Longer-horizon or stable
1763,0.018085456,,Low,Longer-horizon or stable
1764,0.1561173,,Low,Longer-horizon or stable
1766,0.12029833,,Low,Longer-horizon or stable
1767,0.808616,,High,Longer-horizon or stable
1768,0.07943928,,Low,Longer-horizon or stable
1770,0.02250589,,Low,Longer-horizon or stable
1771,0.033423744,,Low,Longer-horizon or stable
1772,0.05612141,,Low,Longer-horizon or stable
1774,0.0046009556,,Low,Longer-horizon or stable
1775,0.018919423,,Low,Longer-horizon or stable
1778,0.00838586,,Low,Longer-horizon or stable
1779,0.1566312,31.0,Low,Longer-horizon or stable
1780,0.793859,5.0,High,Longer-horizon or stable
1782,0.009935218,,Low,Longer-horizon or stable
1783,0.76854956,3.0,High,Longer-horizon or stable
1784,0.24296242,,Low,Longer-horizon or stable
1786,0.03673762,,Low,Longer-horizon or stable
1787,0.19717933,,Low,Longer-horizon or stable
1789,0.012518238,,Low,Longer-horizon or stable
1790,0.13156553,,Low,Longer-horizon or stable
1792,0.36132577,,Medium,Longer-horizon or stable
1794,0.13252282,,Low,Longer-horizon or stable
1797,0.36104447,31.0,Medium,Longer-horizon or stable
1798,0.038572468,,Low,Longer-horizon or stable
1799,0.0032394198,,Low,Longer-horizon or stable
1800,0.06402986,,Low,Longer-horizon or stable
1801,0.43232745,31.0,Medium,Longer-horizon or stable
1802,0.028400559,,Low,Longer-horizon or stable
1803,0.059913937,,Low,Longer-horizon or stable
1804,0.00047099093,,Low,Longer-horizon or stable
1805,0.02647794,,Low,Longer-horizon or stable
1807,0.1421413,,Low,Longer-horizon or stable
1809,0.11116445,,Low,Longer-horizon or stable
1812,0.0229729,,Low,Longer-horizon or stable
1813,0.1476357,,Low,Longer-horizon or stable
1814,0.16417143,,Low,Longer-horizon or stable
1815,0.059647128,,Low,Longer-horizon or stable
1816,0.15876348,32.0,Low,Longer-horizon or stable
1818,0.5909957,19.0,Medium,Longer-horizon or stable
1821,0.04510071,,Low,Longer-horizon or stable
1822,0.0013511112,,Low,Longer-horizon or stable
1823,0.018244756,,Low,Longer-horizon or stable
1824,0.023956671,,Low,Longer-horizon or stable
1826,0.18577237,,Low,Longer-horizon or stable
1827,0.07995235,,Low,Longer-horizon or stable
1829,0.017512755,,Low,Longer-horizon or stable
1830,0.011762945,,Low,Longer-horizon or stable
1833,0.3822963,,Medium,Longer-horizon or stable
1834,0.0065589403,,Low,Longer-horizon or stable
1835,0.07979663,,Low,Longer-horizon or stable
1836,0.07585711,,Low,Longer-horizon or stable
1837,0.13594405,,Low,Longer-horizon or stable
1839,0.4705809,2.0,Medium,Near-term
1842,0.37790608,,Medium,Longer-horizon or stable
1844,0.8180899,18.0,High,Longer-horizon or stable
1845,0.021787776,,Low,Longer-horizon or stable
1847,0.006531067,,Low,Longer-horizon or stable
1849,0.053863388,,Low,Longer-horizon or stable
1850,0.37752,17.0,Medium,Longer-horizon or stable
1852,0.034456737,,Low,Longer-horizon or stable
1853,0.37497735,,Medium,Longer-horizon or stable
1854,0.15668672,,Low,Longer-horizon or stable
1856,0.251184,32.0,Low,Longer-horizon or stable
1857,0.016483668,,Low,Longer-horizon or stable
1858,0.012621716,,Low,Longer-horizon or stable
1859,0.02360496,,Low,Longer-horizon or stable
1860,0.091359496,,Low,Longer-horizon or stable
1862,0.94296944,16.0,High,Longer-horizon or stable
1863,0.019037755,,Low,Longer-horizon or stable
1864,0.056920715,,Low,Longer-horizon or stable
1865,0.44529846,,Medium,Longer-horizon or stable
1866,0.17858076,,Low,Longer-horizon or stable
1867,0.14555225,,Low,Longer-horizon or stable
1868,0.9712704,8.0,High,Longer-horizon or stable
1869,0.06657722,,Low,Longer-horizon or stable
1870,0.08777653,,Low,Longer-horizon or stable
1871,0.010927093,,Low,Longer-horizon or stable
1873,0.09461649,,Low,Longer-horizon or stable
1875,0.070864946,,Low,Longer-horizon or stable
1876,0.5949966,6.0,Medium,Longer-horizon or stable
1878,0.90344006,4.0,High,Longer-horizon or stable
1880,0.12198591,,Low,Longer-horizon or stable
1881,0.12062153,,Low,Longer-horizon or stable
1882,0.039828863,,Low,Longer-horizon or stable
1883,0.44554022,31.0,Medium,Longer-horizon or stable
1885,0.031772424,,Low,Longer-horizon or stable
1886,0.0962689,,Low,Longer-horizon or stable
1888,0.032130595,,Low,Longer-horizon or stable
1890,0.027229939,,Low,Longer-horizon or stable
1892,0.028451629,,Low,Longer-horizon or stable
1893,0.47865173,,Medium,Longer-horizon or stable
1898,0.026796961,,Low,Longer-horizon or stable
1900,0.009964501,,Low,Longer-horizon or stable
1903,0.00271783,,Low,Longer-horizon or stable
1905,0.4236618,,Medium,Longer-horizon or stable
1907,0.2419101,,Low,Longer-horizon or stable
1908,0.42173064,,Medium,Longer-horizon or stable
1909,0.028526785,,Low,Longer-horizon or stable
1911,0.054888986,,Low,Longer-horizon or stable
1912,0.07518604,,Low,Longer-horizon or stable
1915,0.14442393,,Low,Longer-horizon or stable
1916,0.21298917,,Low,Longer-horizon or stable
1918,0.08759903,,Low,Longer-horizon or stable
1922,0.054581016,,Low,Longer-horizon or stable
1924,0.3661304,,Medium,Longer-horizon or stable
1927,0.1186268,,Low,Longer-horizon or stable
1928,0.9439774,5.0,High,Longer-horizon or stable
1929,0.19778915,32.0,Low,Longer-horizon or stable
1931,0.19315605,,Low,Longer-horizon or stable
1932,0.2032907,,Low,Longer-horizon or stable
1933,0.86481977,11.0,High,Longer-horizon or stable
1934,0.04428973,,Low,Longer-horizon or stable
1935,0.12856242,,Low,Longer-horizon or stable
1936,0.044230044,,Low,Longer-horizon or stable
1937,0.04034012,,Low,Longer-horizon or stable
1938,0.029260494,,Low,Longer-horizon or stable
1939,0.7397155,10.0,High,Longer-horizon or stable
1940,0.008264341,,Low,Longer-horizon or stable
1941,0.014207658,,Low,Longer-horizon or stable
1943,0.066471405,,Low,Longer-horizon or stable
1944,0.9504096,10.0,High,Longer-horizon or stable
1945,0.12884143,,Low,Longer-horizon or stable
1947,0.07589133,,Low,Longer-horizon or stable
1948,0.02443941,,Low,Longer-horizon or stable
1949,0.02429954,,Low,Longer-horizon or stable
1950,0.20218822,,Low,Longer-horizon or stable
1951,0.08124442,,Low,Longer-horizon or stable
1952,0.06293737,,Low,Longer-horizon or stable
1954,0.030625677,,Low,Longer-horizon or stable
1955,0.002092893,,Low,Longer-horizon or stable
1956,0.04184118,,Low,Longer-horizon or stable
1960,0.735686,32.0,High,Longer-horizon or stable
1961,0.62480426,,High,Longer-horizon or stable
1962,0.031886358,,Low,Longer-horizon or stable
1965,0.019893503,,Low,Longer-horizon or stable
1966,0.06829064,,Low,Longer-horizon or stable
1967,0.5477092,32.0,Medium,Longer-horizon or stable
1968,0.9450906,21.0,High,Longer-horizon or stable
1969,0.023255099,,Low,Longer-horizon or stable
1970,0.021084648,,Low,Longer-horizon or stable
1971,0.0898585,,Low,Longer-horizon or stable
1972,0.17284736,,Low,Longer-horizon or stable
1973,0.118849896,,Low,Longer-horizon or stable
1974,0.40370402,10.0,Medium,Longer-horizon or stable
1975,0.31952664,,Medium,Longer-horizon or stable
1976,0.011382938,,Low,Longer-horizon or stable
1979,0.024024278,,Low,Longer-horizon or stable
1980,0.16639867,,Low,Longer-horizon or stable
1981,0.17519328,,Low,Longer-horizon or stable
1982,0.0135350255,32.0,Low,Longer-horizon or stable
1985,0.16642585,,Low,Longer-horizon or stable
1986,0.049376085,,Low,Longer-horizon or stable
1987,0.103513844,32.0,Low,Longer-horizon or stable
1989,0.011789375,,Low,Longer-horizon or stable
1992,0.19247954,,Low,Longer-horizon or stable
1993,0.20442134,,Low,Longer-horizon or stable
1994,0.20803984,32.0,Low,Longer-horizon or stable
1995,0.043392155,,Low,Longer-horizon or stable
1996,0.114503115,,Low,Longer-horizon or stable
1997,0.32994977,,Medium,Longer-horizon or stable
1998,0.12843569,,Low,Longer-horizon or stable
1999,0.005647213,,Low,Longer-horizon or stable
2000,0.016892504,,Low,Longer-horizon or stable
2003,0.44923976,,Medium,Longer-horizon or stable
2007,0.033763137,32.0,Low,Longer-horizon or stable
2008,0.015829107,,Low,Longer-horizon or stable
2009,0.03475824,,Low,Longer-horizon or stable
2010,0.27492756,,Low,Longer-horizon or stable
2012,0.19673441,,Low,Longer-horizon or stable
2013,0.186458,,Low,Longer-horizon or stable
2014,0.13515149,,Low,Longer-horizon or stable
2015,0.053374156,,Low,Longer-horizon or stable
2016,0.06599663,,Low,Longer-horizon or stable
2017,0.010348648,,Low,Longer-horizon or stable
2018,0.13657276,,Low,Longer-horizon or stable
2019,0.028531006,,Low,Longer-horizon or stable
2020,0.38800558,31.0,Medium,Longer-horizon or stable
2021,0.5505553,7.0,Medium,Longer-horizon or stable
2022,0.0030473904,,Low,Longer-horizon or stable
2023,0.8383729,5.0,High,Longer-horizon or stable
2024,0.06255386,,Low,Longer-horizon or stable
2025,0.010118961,,Low,Longer-horizon or stable
2026,0.010497657,,Low,Longer-horizon or stable
2027,0.298527,,Low,Longer-horizon or stable
2031,0.22409335,,Low,Longer-horizon or stable
2032,0.77407485,,High,Longer-horizon or stable
2034,0.017545678,,Low,Longer-horizon or stable
2035,0.07456489,,Low,Longer-horizon or stable
2036,0.04439594,,Low,Longer-horizon or stable
2037,0.038176313,,Low,Longer-horizon or stable
2038,0.063911855,,Low,Longer-horizon or stable
2040,0.2116904,,Low,Longer-horizon or stable
2041,0.03817781,,Low,Longer-horizon or stable
2044,0.15668148,,Low,Longer-horizon or stable
2045,0.33596927,,Medium,Longer-horizon or stable
2046,0.09978442,,Low,Longer-horizon or stable
2048,0.03758271,,Low,Longer-horizon or stable
2049,0.08411712,,Low,Longer-horizon or stable
2051,0.019086264,,Low,Longer-horizon or stable
2052,0.0052803797,,Low,Longer-horizon or stable
2053,0.29415038,,Low,Longer-horizon or stable
2054,0.19412771,,Low,Longer-horizon or stable
2055,0.25512397,,Low,Longer-horizon or stable
2056,0.33424985,,Medium,Longer-horizon or stable
2057,0.06846412,,Low,Longer-horizon or stable
2060,0.04694532,,Low,Longer-horizon or stable
2061,0.032284472,,Low,Longer-horizon or stable
2062,0.029160347,,Low,Longer-horizon or stable
2064,0.021708697,,Low,Longer-horizon or stable
2065,0.08327187,,Low,Longer-horizon or stable
2068,0.17214336,,Low,Longer-horizon or stable
